{"commit":"3ddf4a853aaf3543a90063fa41305860bd6d6e7a","pagesAndArtboards":{"A39CEC20-CE01-4967-BC46-5C740E74FC9F":{"name":"Page 1","artboards":{"BEC6DD14-5989-4B64-84F4-E2F1AD294646":{"name":"Artboard"}}}},"version":101,"fonts":["SFProDisplay-Light"],"compatibilityVersion":93,"app":"com.bohemiancoding.sketch3","autosaved":0,"variant":"NONAPPSTORE","created":{"commit":"3ddf4a853aaf3543a90063fa41305860bd6d6e7a","appVersion":"49.2","build":51160,"app":"com.bohemiancoding.sketch3","compatibilityVersion":93,"version":101,"variant":"NONAPPSTORE"},"saveHistory":["NONAPPSTORE.51160"],"appVersion":"49.2","build":51160}